osm_id,amenity,name,social_facility,evacuation_center,area,longitude,latitude,pop_coverage,geometry
5168988,school,Marikina High School,shelter,yes,10113.0643597103,121.10341292358,14.6471013371964,11444.65,"POLYGON ((121.0995661965234 14.64877363331935, 121.0997453916695 14.64915749146789, 121.1001101846916 14.64977094580147, 121.1005909314582 14.65030329292959, 121.1011691451133 14.65073406073582, 121.1018225901645 14.65104668330689, 121.1025261375811 14.65122913807927, 121.1032527312415 14.65127440826204, 121.1039744285469 14.65118075273936, 121.1046634751599 14.65095177306246, 121.1055780875175 14.65054646841692, 121.106212275015 14.65018795688687, 121.1067617116734 14.64971507799856, 121.1072049618122 14.64914628095829, 121.1075247329856 14.64850375710233, 121.1077085505855 14.64781257403406, 121.1077492444056 14.64709969755785, 121.107645228201 14.64639293958182, 121.1074005613626 14.64571987304663, 121.1070544515703 14.64500237693785, 121.1066828333475 14.64439473348391, 121.1061968113321 14.64386916610592, 121.1056149892226 14.6434457912472, 121.1049596371162 14.64314081370338, 121.1042558391143 14.6429659064541, 121.1035305332896 14.64292776394918, 121.1028114807488 14.64302784593421, 121.1021262032241 14.6432623216109, 121.1011924156889 14.64368581673237, 121.100557284948 14.64405275622236, 121.100009316367 14.6445348328164, 121.0995701927577 14.64511297138814, 121.0992572904969 14.64576429567765, 121.0990829919046 14.64646303339649, 121.099054195154 14.64718153593948, 121.0991720411274 14.64789137236832, 121.0994318680524 14.64856445438961, 121.0995661965234 14.64877363331935))"
5168990,school,Marikina Elementary School,shelter,yes,8454.48840428702,121.097557771353,14.631434756205,9276.84,"POLYGON ((121.0965461599556 14.63555595699097, 121.0971335687881 14.63565185962492, 121.0978757348151 14.63569947161349, 121.0986127540903 14.63560208379923, 121.0993150435055 14.63536360504387, 121.0999544140992 14.63499360743893, 121.1005052026705 14.63450694206499, 121.1009453019552 14.63392314283223, 121.1012570479929 14.63326564234332, 121.1014279290622 14.63256083126866, 121.1015019789475 14.63201562192926, 121.1015779700426 14.63145381964023, 121.1015983217099 14.63069836795294, 121.1014569100938 14.6299553057144, 121.1012573310422 14.62948611873547, 121.1012494246216 14.62944941166952, 121.1009802554384 14.62882129263674, 121.1005949364636 14.62825343522124, 121.1001071284986 14.62776597043807, 121.0995341253225 14.62737617915196, 121.0988962405733 14.6270978795219, 121.0987569423044 14.62705188045315, 121.0980186043011 14.62688750190774, 121.0972613705249 14.62687244856941, 121.0965167579905 14.62700734679425, 121.0958157584008 14.62728658177102, 121.0951875484163 14.62769853121287, 121.0946582754281 14.62822604905239, 121.0942499693411 14.62884717901701, 121.0939796256442 14.62953606839997, 121.0937122034707 14.63050395758246, 121.0936385997253 14.63077135598203, 121.0935994233794 14.63092748300551, 121.0935350191975 14.63121138148498, 121.0934480357995 14.63193811239483, 121.0935131317835 14.63266701118865, 121.0937276417198 14.63336821558951, 121.0940827786722 14.63401299764237, 121.094563993973 14.63457494071141, 121.0951515731102 14.63503102182573, 121.0958214433413 14.63536255501809, 121.0965461599556 14.63555595699097))"
5235831,school,Parang Elementary School,shelter,yes,18347.0661979981,121.111719267895,14.6573812462252,13175.09,"POLYGON ((121.1094845731324 14.66087627140489, 121.1110807920689 14.66145358265822, 121.1117822496681 14.66163367775772, 121.112506289964 14.6616775477582, 121.1132252729045 14.66158351777493, 121.1139117514654 14.66135517722325, 121.1145395195851 14.66100124279775, 121.1150846127037 14.66053522569024, 121.1155262226819 14.65997491575577, 121.1158474921596 14.65934170232867, 121.116146282859 14.65857109669866, 121.1163345597888 14.65789140677427, 121.1163839468337 14.65718907860392, 121.1162925721675 14.65649074986608, 121.1160639027128 14.65582290630228, 121.1157066124515 14.65521087718455, 121.1152342532692 14.65467787468185, 121.1146647408453 14.65424411355418, 121.1140196751065 14.65392604455131, 121.1124156935782 14.65331805616679, 121.1117004444072 14.65312447664559, 121.110959936617 14.65307329968666, 121.1102237732654 14.65316657100596, 121.1095213836897 14.65340056175805, 121.1088808471888 14.6537659176085, 121.1083277706503 14.65424803266196, 121.1078842649581 14.65482763330383, 121.1075680610833 14.65548154862724, 121.1072770510445 14.6562828429896, 121.1071039081666 14.65696377182652, 121.1070691150494 14.65766443641711, 121.1071739832923 14.65835844996859, 121.1074145648643 14.65901967591879, 121.1077818005921 14.65962321224293, 121.1082618611605 14.66014632930387, 121.1088366678093 14.66056932592064, 121.1094845731324 14.66087627140489))"
5644348,school,Hermogenes Bautista Elementary School,shelter,yes,5547.08489066513,121.10425699232,14.657897776668,12247.09,"POLYGON ((121.1003779020025 14.65894919104233, 121.1006798913703 14.65967589429738, 121.1010097220463 14.66029169830912, 121.10145443386 14.66083472750792, 121.1019976112984 14.66128493612625, 121.1026192036338 14.66162570467996, 121.1032962650776 14.66184445354628, 121.1040038018703 14.661933107412, 121.1047156950297 14.66188839343425, 121.1051645024022 14.66181759315555, 121.105912925548 14.66161964355227, 121.1066027820737 14.66127465120925, 121.1072039731113 14.6607976683199, 121.1076902687686 14.66020950589819, 121.1080404526035 14.65953582568948, 121.10823924725 14.65880602043519, 121.1082779808147 14.65805193136824, 121.1082712275137 14.65793177649868, 121.1082797893739 14.6576501817428, 121.1082363933238 14.65698202031324, 121.1080671755383 14.65633311042697, 121.107777941886 14.65572571195555, 121.107378614998 14.6551806605871, 121.1068828937704 14.65471665312978, 121.1063077833725 14.65434960620626, 121.1056730118935 14.6540921103296, 121.1050003536407 14.65395299807755, 121.104312882296 14.65393704116831, 121.1035641947048 14.65398734182154, 121.1028741518436 14.65409797434384, 121.1022176573861 14.65433261881642, 121.1016180013844 14.65468295080096, 121.101096457696 14.65513654168304, 121.1006715293287 14.65567729955188, 121.1003582920325 14.65628604003016, 121.1001678594189 14.6569411668126, 121.1001069885889 14.65761943778139, 121.1001778402713 14.65829678952866, 121.1003779020025 14.65894919104233))"
5708235,school,Parang High School,shelter,yes,11511.0590266007,121.112356726675,14.663492886623,12925.11,"POLYGON ((121.1105626162303 14.66730013294359, 121.1113124254063 14.66755703806657, 121.1120151279847 14.66772503787184, 121.1127379578988 14.66775716918059, 121.1134534639956 14.66765221157367, 121.1141344732384 14.66741415090688, 121.1147551228161 14.66705202794056, 121.1152918424668 14.66657959496947, 121.1157242496865 14.66601479349893, 121.1160359238102 14.66537907281402, 121.1164246108964 14.66433506536292, 121.1166060676361 14.66363745081654, 121.1166419773293 14.66291866679977, 121.1165309181355 14.66220720162193, 121.1162772931468 14.66153125324579, 121.1158911556568 14.66091761170418, 121.115387810524 14.66039059735991, 121.1147872074578 14.65997109708233, 121.1141131502951 14.65967573652731, 121.1133235602002 14.65941824176566, 121.1126099710742 14.65925960430854, 121.111878282191 14.65924033340847, 121.1111569274732 14.65936117778208, 121.1104739392433 14.6596174411753, 121.1098558590245 14.65999916486171, 121.1093267062441 14.66049151461483, 121.1089070448916 14.66107535712298, 121.1086131843851 14.66172800345847, 121.1082642707371 14.6627725964601, 121.1081094414223 14.66345393197551, 121.1080919702117 14.6641515340558, 121.1082125094817 14.66483940564772, 121.1084665684201 14.66549191207619, 121.1088446801954 14.66608473636943, 121.1093327545943 14.66659578551267, 121.1099126030096 14.66700601385066, 121.1105626162303 14.66730013294359))"
6494760,school,Calumpang Elementary School,shelter,yes,8835.99676132913,121.090064733618,14.6223534126953,7487.83,"POLYGON ((121.0885792341024 14.62605673071677, 121.0887533929649 14.62614830789593, 121.0894596030855 14.6263579679416, 121.0901944588568 14.62642740137058, 121.0905876653005 14.62642630213207, 121.091299403766 14.62635721703007, 121.0919843240132 14.62615650809349, 121.092616999035 14.62583162631906, 121.0931739415918 14.62539463250049, 121.0936344762388 14.62486174944183, 121.0939815069097 14.62425275964552, 121.0942021515543 14.62359027084651, 121.0942882202695 14.62289887667146, 121.0943070076156 14.6221411748381, 121.0942529675785 14.62143332954106, 121.0940579136316 14.62074941359051, 121.0937293679995 14.62011579752496, 121.09327999983 14.61955691216733, 121.0927271365475 14.61909430667535, 121.0920920956604 14.61874581772979, 121.0913993627967 14.61852488188146, 121.090675647662 14.61844001755634, 121.0895206664565 14.61841582023304, 121.0887944791877 14.61847019137408, 121.0880931704118 14.61866157886761, 121.0874437348516 14.61898261569794, 121.0868711707468 14.61942094439673, 121.0863975177221 14.61995969266269, 121.0860410084742 14.62057812274904, 121.0858153669217 14.62125242963464, 121.0857292798352 14.62195665727003, 121.0857185712123 14.62247235605205, 121.0857758783979 14.62318225837892, 121.0859750008909 14.62386744637286, 121.0863082123213 14.6245013287805, 121.086762582225 14.62505930520387, 121.0873204777103 14.62551972086927, 121.0879602476882 14.62586470710665, 121.0885792341024 14.62605673071677))"
25055845,school,San Roque Elementary School,shelter,yes,6949.53535155645,121.096928167039,14.6231841573948,9576.78,"POLYGON ((121.0949397370811 14.6266680005846, 121.0956513446022 14.62696900607144, 121.096347887685 14.62718709310201, 121.0970748323758 14.62726792328005, 121.097803939956 14.62720835653118, 121.098506887609 14.62701070661094, 121.0991563688038 14.62668265123745, 121.0997271541814 14.6262369338261, 121.1001970717061 14.62569086841668, 121.1005478679874 14.62506566703419, 121.1008714597694 14.62432316123373, 121.1010889652082 14.62364565634248, 121.1011663004237 14.62293982610294, 121.1011004844894 14.62223288918798, 121.100894056778 14.6215521066939, 121.1005549788291 14.62092373088542, 121.1000963271464 14.62037199288326, 121.0995357888004 14.61991816832591, 121.0988949793082 14.6195797570255, 121.0987403809838 14.61951635819636, 121.0980470149269 14.61930700899035, 121.097667098117 14.61926809140158, 121.0974346059699 14.61919792842884, 121.0967128347269 14.6191240536734, 121.0959900956499 14.61918833045197, 121.0952940108743 14.61938830202809, 121.0946511839257 14.61971632559068, 121.0940861831025 14.62015986433449, 121.0936206025979 14.62070196655792, 121.0932722372259 14.62132191347687, 121.0930036304561 14.62193580866888, 121.0927860595619 14.62260867462238, 121.0927068444905 14.62330987390582, 121.0927690034306 14.62401270147308, 121.0929701703848 14.62469039001859, 121.0933026850766 14.62531712940909, 121.0937538845104 14.62586904969924, 121.0943065851084 14.62632513028864, 121.0949397370811 14.6266680005846))"
41741656,school,Fortune High School,shelter,yes,4389.18728122571,121.12704874056,14.6597403921921,11079.37,"POLYGON ((121.1244698436313 14.66272450701247, 121.1249277456675 14.66303881152067, 121.1255692934079 14.6633920322694, 121.1262698685088 14.66361492822313, 121.127001865883 14.6636987163064, 121.1277364420491 14.6636400947843, 121.128444651829 14.66344137340698, 121.1290985890665 14.66311038240939, 121.1292574906645 14.66300928119264, 121.1294048926091 14.66291048070106, 121.1297494955915 14.662667377784, 121.1303109127459 14.66217965761289, 121.1307598000082 14.66159176126178, 121.1310777235176 14.66092783216548, 121.1312516281686 14.6602151360644, 121.1312743736013 14.65948294119537, 121.1311450272255 14.65876131627713, 121.1308689022786 14.65807989566516, 121.1304573393919 14.65746666239208, 121.1299272406764 14.65694679906774, 121.1293003754921 14.65654165381851, 121.1286006815386 14.65618305980321, 121.1279690628466 14.65592858226577, 121.127300231282 14.65579114493525, 121.1266168555895 14.65577540584382, 121.1259420973369 14.65588189830205, 121.1252988260143 14.65610701284381, 121.1247088440336 14.65644311956164, 121.1241921478746 14.65687882668652, 121.1237662504035 14.65739936665216, 121.1235045481559 14.65778786284745, 121.1231728481002 14.6584015665089, 121.1229676276436 14.65906564299258, 121.122896440894 14.65975565143841, 121.1229619090913 14.66044619636892, 121.1231616239566 14.66111186232996, 121.1234882361417 14.66172814930057, 121.1239297255545 14.66227237444482, 121.1244698436313 14.66272450701247))"
46331655,school,Barangka Elementary School,shelter,yes,8128.2181274473,121.081923129804,14.6334774043779,10629.44,"POLYGON ((121.078121932378 14.63181436379642, 121.0779482670899 14.63211821682911, 121.077725757508 14.63278846584963, 121.0776722539876 14.63302696457643, 121.0775872725469 14.63373709922073, 121.0776475002255 14.63444962909853, 121.0778505823282 14.63513668027633, 121.0781885756009 14.63577137527336, 121.0786482587717 14.63632888453432, 121.0792116496187 14.6367873978244, 121.0798567083564 14.6371289775349, 121.0805581998389 14.63734026050393, 121.0812886808468 14.63741298088051, 121.0815062844106 14.63741358132337, 121.0815405518544 14.63741352187863, 121.0822305631805 14.63740922318266, 121.0827957585619 14.63736352177497, 121.0833472090683 14.63723453142521, 121.0834592107737 14.63719933107593, 121.083560737434 14.6371658394483, 121.0836637389652 14.63713023907701, 121.0842795356125 14.63685338415462, 121.084833320226 14.63647206487207, 121.0853066074597 14.63599900978778, 121.0856835992866 14.6354500095995, 121.0859517123381 14.63484338999465, 121.0861019978866 14.63419939988379, 121.0861294404598 14.63353953544699, 121.0861176798001 14.63331523123637, 121.0861091752065 14.63301196656207, 121.0860168475215 14.63230359114013, 121.085783306922 14.63162670865526, 121.0854176680464 14.63100773276483, 121.08493420003 14.63047081722113, 121.0843517695518 14.63003691339693, 121.0836931045473 14.62972295279981, 121.0829839073289 14.62954118646075, 121.0822518517165 14.62949870695971, 121.081454664876 14.62952930805064, 121.0808518168581 14.62960085247785, 121.0802690148362 14.62976714073776, 121.0797218548165 14.63002372281074, 121.0796868552132 14.63004372257257, 121.0791620316713 14.63040662470157, 121.078709477875 14.63085234222373, 121.0786799778287 14.63088694185116, 121.0782930260058 14.63143706015827, 121.078121932378 14.63181436379642))"
46507461,school,Tañong High School,shelter,yes,3533.13911920251,121.085347639998,14.6341928707018,7163.72,"POLYGON ((121.0817120250808 14.63591492253537, 121.0817270894769 14.63593833253064, 121.0817568172832 14.63598588412723, 121.0822148000584 14.63657365040848, 121.082785814295 14.63705863476058, 121.0828090739404 14.63707138731442, 121.0831262207349 14.63734258752504, 121.0837620342566 14.63769925939972, 121.0840364370618 14.63781976156396, 121.0846549245466 14.6380296532507, 121.0853016715649 14.63813045073602, 121.0859565470242 14.63811901640707, 121.0865991667398 14.63799570605797, 121.0867602692444 14.63795010563433, 121.0874269098633 14.6376910554394, 121.0880298906037 14.63731194265555, 121.0885466717669 14.63682693876675, 121.0889579362087 14.63625417350923, 121.0892483114321 14.63561505710301, 121.089282895411 14.63546646495322, 121.0894139486472 14.63509551148431, 121.0895129587426 14.63441293248942, 121.0894770828941 14.63372446508358, 121.0893076271381 14.63305514848693, 121.0890107556489 14.63242932518381, 121.0885972663823 14.63186975562239, 121.0880821982274 14.63139679048264, 121.0874842839736 14.63102763060918, 121.0868445897325 14.63071153598646, 121.0865842526168 14.63059496856545, 121.086350755182 14.63050087031981, 121.0856714553973 14.63029872367307, 121.0849650497356 14.63022624806574, 121.0842573980087 14.63028609650394, 121.0835744055777 14.63047607793236, 121.0829410751593 14.63078923745406, 121.0823805916611 14.63121411091706, 121.0819134735246 14.63173514455153, 121.0815568216264 14.63233326430312, 121.081483820027 14.6324881630364, 121.0812451870905 14.63316381613749, 121.0811477057867 14.63387197189023, 121.081195186027 14.63458496278967, 121.0813857741403 14.63527493216513, 121.0817120250808 14.63591492253537))"
48209843,school,Nangka Elementary School,shelter,yes,5571.4426407713,121.108410430214,14.6730168056837,9267.61,"POLYGON ((121.1042897791631 14.67310332491417, 121.1043387699739 14.67364232460611, 121.1044695181706 14.67432467729888, 121.1047318335497 14.67497012095592, 121.1051160445313 14.67555485518336, 121.1056079843969 14.67605731800313, 121.1061895135745 14.67645898100079, 121.1068391884852 14.67674503263015, 121.1075330522932 14.67690492446572, 121.1082455183965 14.67693276024692, 121.1089430299637 14.67689466099492, 121.1096186930113 14.67679648245362, 121.1102644444301 14.67657946834311, 121.1108584263661 14.67625096421193, 121.1113805334934 14.67582208940181, 121.1118130936169 14.67530736063625, 121.1121414658698 14.67472420060182, 121.1123545362546 14.67409234816458, 121.1124884279033 14.6735230450552, 121.1125794667426 14.67285191081008, 121.1125403647884 14.67217602125599, 121.1123724946496 14.67151908184566, 121.1120817451241 14.6709041331792, 121.1116783145072 14.67035274292404, 121.1111763527855 14.66988424942226, 121.1105934652845 14.6695150835076, 121.109950095186 14.66925819230859, 121.1092688065758 14.6691225852355, 121.1085734931596 14.66911301806377, 121.1076931077695 14.66918141867462, 121.10697283238 14.66930781954169, 121.1062920158132 14.6695693005065, 121.1056771077547 14.66995570294655, 121.1051519976398 14.67045201504413, 121.1047370866221 14.67103895493753, 121.1044484949883 14.6716937197516, 121.1042974358085 14.67239087142212, 121.1042897791631 14.67310332491417))"
48210073,school,Malanday National High School,shelter,yes,6398.75868259966,121.090469656602,14.6468980792746,17706.92,"POLYGON ((121.090290432295 14.65103385369292, 121.0908770419978 14.65100745442642, 121.0915878194539 14.65090777970779, 121.092265591832 14.65067674932365, 121.0928850025041 14.6503230064018, 121.0934228784993 14.64985978495543, 121.0938590975209 14.64930441472866, 121.0941773407705 14.64867767280095, 121.0943657034074 14.64800300622006, 121.0944171398114 14.64730565475916, 121.0943864196914 14.64611765282802, 121.0943039475986 14.645445649671, 121.0940942600856 14.64480039276197, 121.0937647088033 14.64420450139258, 121.0933268469525 14.64367886415959, 121.0927960241797 14.64324190676908, 121.0921908484405 14.6429089461954, 121.0915325337046 14.64269165382468, 121.090844156367 14.64259764639135, 121.0906348597499 14.6425883469543, 121.0899468484164 14.64262004827617, 121.089276691548 14.64277494210756, 121.0886474542406 14.64304769726739, 121.0880807933917 14.64342892608786, 121.0875962124092 14.64390550748647, 121.0872103899953 14.64446103851829, 121.086936606099 14.6450763988753, 121.0867161975617 14.6457329944542, 121.086616702491 14.646090463811, 121.0864904940946 14.64665756080046, 121.0864064783939 14.64738685246538, 121.0864754848289 14.64811763519767, 121.086694670602 14.64881978765112, 121.0870550026671 14.64946436826596, 121.0875416298325 14.65002480822218, 121.0881344947394 14.6504780066351, 121.0888091605139 14.65080528283788, 121.0895378180353 14.65099314648186, 121.090290432295 14.65103385369292))"
50982403,school,Malanday Elementary School,shelter,yes,7846.14554917185,121.094434074182,14.6503493287343,21574.85,"POLYGON ((121.0905803610696 14.65210499318669, 121.090806556195 14.65250289580084, 121.0912533487931 14.6531244454597, 121.0918235527828 14.65364151539297, 121.092492051825 14.65403132882654, 121.0932293991778 14.65427671441031, 121.0940031148759 14.65436686272252, 121.0947791166189 14.65429780251667, 121.0952228238289 14.6542119019851, 121.0958968317955 14.65401523164585, 121.0964105390992 14.65381192939558, 121.0970375469598 14.65349295330678, 121.0975910269127 14.65306398094328, 121.0980508838617 14.65254058714057, 121.0984004222613 14.6519417748677, 121.0986269522593 14.65128928521671, 121.0987222503429 14.65060680798517, 121.098682857773 14.64991912152427, 121.0985102059903 14.64925119309143, 121.0983098976288 14.64870329513734, 121.0980141942672 14.64808589026473, 121.0976047648172 14.64753346458295, 121.0970961514936 14.64706563807962, 121.096506418782 14.64669902595347, 121.0958565118317 14.64644664857472, 121.0951695125997 14.64631746912295, 121.0944698201579 14.64631607531262, 121.0937822842615 14.64644251650033, 121.0930027964011 14.64666161446648, 121.0923170240638 14.64692882942241, 121.0916991556977 14.64732293063535, 121.0911736473014 14.64782831917772, 121.091124981067 14.64789874002564, 121.09097639137 14.64804074823473, 121.0905610442723 14.64863867218494, 121.0902760020928 14.64930502209565, 121.0901326323277 14.65001322656392, 121.0901366533818 14.65073504496675, 121.0902879063383 14.65144169354511, 121.0905803610696 14.65210499318669))"
50982404,school,Concepcion Integrated School,shelter,yes,8996.0461605658,121.101984347848,14.6506355494688,14986.52,"POLYGON ((121.0984921770494 14.65284664304469, 121.0986394748869 14.6530613447663, 121.0988830063694 14.65337743419369, 121.0990524050943 14.6535739361395, 121.0995586786605 14.65405843011434, 121.1001504150957 14.65444025570623, 121.1004440175819 14.65459255823804, 121.1011145539981 14.65486219882651, 121.1018261496531 14.654999741721, 121.1025516344741 14.65499993510651, 121.1032633079322 14.65486277143843, 121.1039339968576 14.65459348775495, 121.1045380931151 14.65420236571114, 121.1050525314908 14.65370433897172, 121.1054576704284 14.65311842296, 121.1057380419751 14.65246698874751, 121.1058829422983 14.65177490882207, 121.1060138224277 14.65054490433414, 121.1060164817635 14.64982585629565, 121.1058729028095 14.64912052218372, 121.1055887683727 14.64845681204678, 121.105175322802 14.64786098860863, 121.1051510243152 14.64783770735057, 121.1049412246909 14.64753178983346, 121.1043768243754 14.64699901438026, 121.1042400247203 14.64689481578471, 121.103641553013 14.64652288603896, 121.1029813072242 14.64626867274289, 121.1022834321272 14.64614147210819, 121.1015734483167 14.64614593558043, 121.1008773190676 14.64628189978469, 121.1002205010244 14.64654439252104, 121.0996270134133 14.64692381458749, 121.0991185597895 14.64740629078305, 121.0987137344192 14.64797417726098, 121.0984273423023 14.64860670668842, 121.0980546281035 14.64970379925931, 121.0979019923024 14.65034249480788, 121.0978703870246 14.65099752803946, 121.0979608534713 14.65164734169928, 121.0981704154231 14.65227055012197, 121.0984921770494 14.65284664304469))"
93199293,community_centre,JEM Subdivision Gym,shelter,yes,811.817561355649,121.108325086706,14.6601013824467,10380.87,"POLYGON ((121.1047058307565 14.66149544561666, 121.1047768284006 14.66165924639331, 121.1051293353777 14.6622893574045, 121.1056027388975 14.66283927192633, 121.1061783873036 14.6632873227257, 121.1068335999406 14.66361585593413, 121.1075425607921 14.66381192671725, 121.1082773357363 14.66386780940121, 121.1090089733206 14.6637813019412, 121.10970864566 14.66355581272411, 121.1100344501112 14.66341451111053, 121.1106596820367 14.66306918454459, 121.1112048438265 14.66261303955657, 121.1116495017 14.66206317369187, 121.1119769894091 14.66144019733497, 121.11217503289 14.66076746110787, 121.1122362102179 14.66007018056753, 121.1121582296392 14.65937449102287, 121.1119440152831 14.65870646790842, 121.1118730129301 14.6585427686856, 121.1115204748994 14.65791292024657, 121.111047134785 14.65736324139463, 121.1104716313419 14.6569153757699, 121.1098166255747 14.6565869579334, 121.109107908455 14.65639091909242, 121.1083733854761 14.65633497801888, 121.107641978012 14.65642133719046, 121.1069424847151 14.65664659610746, 121.1066166891672 14.65678779449628, 121.1059913607019 14.65713296339935, 121.1054460693923 14.65758897492101, 121.1050012543627 14.65813873670162, 121.1046735890304 14.65876164233447, 121.1044753561026 14.65943434367272, 121.1044139870834 14.66013162591315, 121.1044917835626 14.66082735266891, 121.1047058307565 14.66149544561666))"
93320662,school,Kapitan Moy Elementary School,shelter,yes,1747.14530651825,121.118548487856,14.6490220978229,7529.73,"POLYGON ((121.1148055580842 14.65063814917621, 121.1148840553851 14.6508240500284, 121.1152175518456 14.65143825743311, 121.1156655811543 14.65197900465431, 121.1162115936192 14.65242631603182, 121.1168354195828 14.65276366734418, 121.1175140144949 14.65297859630197, 121.1182223102528 14.65306316298995, 121.1189341413498 14.65301424323653, 121.1196232116 14.65283364406324, 121.120264065702 14.65252803694318, 121.1208330297259 14.65210871133237, 121.1213090857563 14.65159115758249, 121.1218734829202 14.65084394989594, 121.1222543208381 14.65021541925146, 121.1224977329528 14.64952522565748, 121.1225938000512 14.64880149854308, 121.1225386082977 14.64807373377399, 121.122334408519 14.64737159149156, 121.1222834066727 14.64724619203841, 121.1219674052185 14.64664195976426, 121.1215410651205 14.6461058129563, 121.121019387729 14.64565661559847, 121.1204207284294 14.64531017226402, 121.1197661508017 14.64507867210748, 121.1190786855534 14.64497026006411, 121.1183825202903 14.6449887503336, 121.1177021486185 14.64513349221981, 121.1170615084954 14.64539939304112, 121.1164831401234 14.64577709730301, 121.115987392995 14.64625331583072, 121.1153954921936 14.64694000840718, 121.1150116263273 14.64747758305284, 121.1147336524075 14.6480737535571, 121.1145706903425 14.64870896222429, 121.1145280872014 14.64936237054417, 121.114607241681 14.65001254278097, 121.1148055580842 14.65063814917621))"
93320668,school,Marikina Heights High School,shelter,yes,1949.01538309268,121.119292862671,14.6482685032101,7762.0,"POLYGON ((121.1154958824164 14.64989248408342, 121.1155678801192 14.65005428487779, 121.1159436689658 14.65070491865732, 121.1164487105221 14.65126653258246, 121.1170614692028 14.65171517758568, 121.117755815496 14.65203172176689, 121.1185021402205 14.65220266634725, 121.1192686172662 14.65222072140239, 121.1200225609469 14.6520851168046, 121.1207318200489 14.65180163510032, 121.1207752205775 14.65177893483118, 121.1213768619442 14.65138615194591, 121.1220665665238 14.6508337454081, 121.1226078033623 14.65029936590807, 121.1230240327471 14.64966769141638, 121.1232973137566 14.64896595080242, 121.1234158677854 14.64822439298415, 121.1233745860742 14.64747498294888, 121.1231752496703 14.64675002384378, 121.122826452381 14.64608076454263, 121.1227428510608 14.64595476552051, 121.1222635215858 14.64537387820624, 121.1216720467897 14.64490101817968, 121.120993559298 14.64455627727398, 121.1202568884268 14.64435430337893, 121.1194933353024 14.64430367814911, 121.1187353430323 14.64440655244778, 121.1180151184012 14.64465855500124, 121.1173632636135 14.64504897813728, 121.1166417692298 14.64558827170525, 121.1161280810324 14.64605361443601, 121.1157134864163 14.64660474090106, 121.1154127930486 14.64722196795442, 121.1152367409877 14.64788325158046, 121.1151916190042 14.64856497412975, 121.1152790398351 14.64924278777684, 121.1154958824164 14.64989248408342))"
106995109,community_centre,Fairlane Gym,,yes,851.300810832942,121.10468365,14.6640638998676,12403.98,"POLYGON ((121.1009355170514 14.66507447964347, 121.1009923141708 14.66525618017789, 121.1012707298683 14.66590928977229, 121.1016744283024 14.66649713464247, 121.1021879614754 14.66699721870464, 121.1027916777504 14.66739040418064, 121.1034624738517 14.66766164405695, 121.1041746790319 14.66780055800084, 121.1049010375619 14.6678018296797, 121.1056137519273 14.66766541026572, 121.1059488571111 14.66756730932397, 121.106623369668 14.66729701204314, 121.1072305852165 14.66690355598184, 121.1077470698324 14.6664021256635, 121.1081528915263 14.66581207259252, 121.1084323894715 14.6651561683549, 121.10857477832 14.66445972573113, 121.1085745642941 14.66374962175488, 121.1084317570159 14.66305326043192, 121.108374954136 14.66287156096691, 121.1080965196423 14.6622184567533, 121.107692809411 14.66163062077561, 121.1071792732516 14.66113054774966, 121.1065755632801 14.66073737377722, 121.1059047818489 14.66046614414499, 121.1051925975228 14.66032723767242, 121.1044662629231 14.6603259696223, 121.1037535720054 14.66046238835689, 121.1034184771882 14.66056048741592, 121.1027439829256 14.66083077779964, 121.1021367784691 14.66122422385862, 121.1016202959985 14.66172564250253, 121.1012144671152 14.66231568394258, 121.1009349536812 14.6629715783273, 121.1007925433499 14.66366801436109, 121.100792733127 14.66437811601394, 121.1009355170514 14.66507447964347))"
116914599,community_centre,Sampaguita Gym,,yes,506.823279675957,121.0937543,14.6489871998658,20766.74,"POLYGON ((121.0900176828528 14.64991013058507, 121.0900555806774 14.65004493091396, 121.0903150077548 14.65070558666328, 121.0907016106227 14.65130441041121, 121.0912005882109 14.65181847457663, 121.0917928364844 14.65222809663156, 121.0924556798401 14.65251759277904, 121.0931637393272 14.65267587853661, 121.0938899044441 14.65269689321539, 121.0946063712864 14.65257983202957, 121.0948796755879 14.65250783139303, 121.0955614437963 14.65225600019382, 121.0961795057501 14.65187929329361, 121.0967100206702 14.65139224163456, 121.0971325251609 14.65081363252942, 121.0974307225659 14.65016578489498, 121.0975931115235 14.64947368825939, 121.0976134294799 14.64876403876932, 121.0974908940746 14.64806420939422, 121.0974529918997 14.64792940972355, 121.0971935451791 14.64726875886843, 121.0968069293 14.64666994367011, 121.0963079473179 14.64615589039612, 121.095715703947 14.64574627991923, 121.0950528740635 14.64545679429389, 121.0943448345978 14.64529851643903, 121.0936186930477 14.64527750589662, 121.0929022497889 14.64539456689515, 121.0926289540894 14.64546656625918, 121.0919472050897 14.64571839132848, 121.0913291555353 14.64609508876737, 121.0907986442727 14.6465821290024, 121.0903761340929 14.64716072641105, 121.0900779224724 14.64780856382879, 121.0899155128976 14.64850065327138, 121.0898951710308 14.64921029968802, 121.0900176828528 14.64991013058507))"
116914602,community_centre,Filipinas Gym,,yes,708.322680302377,121.094825871158,14.6502242073786,18983.15,"POLYGON ((121.0912275104699 14.65143798754434, 121.0913399063448 14.65171678873969, 121.0916698290929 14.65234614710266, 121.0921192079286 14.65290099331324, 121.092670872253 14.65336012573124, 121.0933037425494 14.6537059999333, 121.0939936358531 14.6539253991971, 121.0947141898828 14.65400993961711, 121.0954378705112 14.65395639053654, 121.096137024054 14.65376679803973, 121.0963091265446 14.65370189733393, 121.09696038885 14.65338143236313, 121.0975346900141 14.65294314128923, 121.0980098454326 14.65240395502127, 121.0983675008346 14.65178470192487, 121.0985938412656 14.65110930316139, 121.0986801246449 14.65040384856266, 121.0986230193021 14.64969558875343, 121.0984247324756 14.64901188246606, 121.0983124283485 14.64873298366048, 121.0979825772064 14.64810321168958, 121.0975331389221 14.64754798713937, 121.0969813036727 14.64708854514106, 121.0963481775003 14.64674245735019, 121.0956579750747 14.64652295998194, 121.0949370936374 14.64643844766024, 121.0942131035333 14.64649215242511, 121.0935136939175 14.64668202016342, 121.0933414964082 14.64674701945677, 121.0926903172523 14.64706770573695, 121.092116141651 14.64750620537211, 121.0916411512518 14.64804557839162, 121.0912836964083 14.64866498785705, 121.0910575872441 14.64934050475363, 121.0909715600402 14.65004603234201, 121.0910289395727 14.65075431427495, 121.0912275104699 14.65143798754434))"
256400347,community_centre,Parang Gym,,yes,1048.77642160872,121.111698315099,14.6592317107071,10108.2,"POLYGON ((121.1102859884414 14.66276073672129, 121.1105117911934 14.66283863827005, 121.1112166611246 14.66300847869281, 121.1119420069964 14.66304151208172, 121.112660085936 14.66293647482339, 121.1133434329912 14.66269738420436, 121.1139659117558 14.66233338476062, 121.1145037141549 14.66185839849276, 121.1149362711248 14.66129059233099, 121.1152470393418 14.66065168322893, 121.1153655353403 14.6603299809475, 121.1155431910862 14.65964073360468, 121.1155789079547 14.65893096830691, 121.1154713069482 14.65822811537878, 121.1152245478462 14.65755933774415, 121.1148481682371 14.65695048117378, 121.1143567147437 14.65642507547535, 121.1137691807238 14.65600342522036, 121.1131082721948 14.65570182513604, 121.1128822749518 14.65562402668358, 121.1121774191236 14.65545467795784, 121.111452188998 14.65542210287446, 121.1107343117743 14.65552754669374, 121.1100512335107 14.65576697790229, 121.1094290699503 14.65613124234889, 121.1088916081817 14.65660641320195, 121.1084593972791 14.657174323355, 121.1081489626703 14.65781325993527, 121.1080306586685 14.65813485765552, 121.1078533686736 14.6588236714704, 121.1078178188541 14.65953293712707, 121.1079253824845 14.66023528293098, 121.1081719098301 14.66090360397823, 121.1085478880858 14.66151210819103, 121.1090388083167 14.66203731172737, 121.1096257252656 14.66245894534384, 121.1102859884414 14.66276073672129))"
281984899,basketball_court,Greenland Phase 1 Covered Court,shelter,yes,811.532453610212,121.105221319345,14.6706644363527,14506.29,"POLYGON ((121.1015334781207 14.67159726989793, 121.1016367729851 14.67192217088105, 121.1019183356733 14.67257391433096, 121.1023248378856 14.67315983348147, 121.1028407279555 14.67365751118021, 121.1034462686555 14.67404790618643, 121.1041182922984 14.67431608176551, 121.1048310871639 14.67445177725128, 121.1055573813276 14.67444980069359, 121.1062693862348 14.67431022755597, 121.1064474889823 14.67425722704134, 121.1071207130729 14.67398395819716, 121.1077260710943 14.67358784365541, 121.1082402034492 14.67308416881535, 121.1086432711729 14.67249236961221, 121.1089197214826 14.67183528244364, 121.1090588878549 14.67113826288105, 121.1090554014831 14.6704282071875, 121.1089093982601 14.66973251441233, 121.1088061931248 14.6694076153949, 121.1085247695567 14.66875575646648, 121.1081183776591 14.66816970348825, 121.107602568508 14.6676718810014, 121.1069970794832 14.6672813373354, 121.1063250790023 14.66701301582901, 121.105612280047 14.66687718312885, 121.1048859563943 14.66687903642614, 121.1041738991755 14.66701850464757, 121.1039957019242 14.66707150413355, 121.1033222769694 14.66734475548153, 121.1027167347507 14.66774092311337, 121.1022024533968 14.66824471231452, 121.1017992881439 14.6688366734235, 121.1015228047888 14.66949395264539, 121.1013836786666 14.67019117429061, 121.1013872823659 14.67090142039273, 121.1015334781207 14.67159726989793))"
282769220,basketball_court,IVS Basketball Court,,yes,901.202065794282,121.07605115,14.6238771498629,5781.82,"POLYGON ((121.0738715277956 14.62702021227623, 121.0740395287994 14.62712461385953, 121.0746858301465 14.62744447240315, 121.0753836555737 14.6276359187757, 121.0761063893503 14.62769165084523, 121.076826465514 14.62760954275993, 121.077516419417 14.62739272606643, 121.0781499354146 14.62704947027586, 121.0787028507084 14.62659286743284, 121.0791540770296 14.62604033272286, 121.0793509752702 14.62574382983641, 121.0796853405283 14.62511143328062, 121.0798860499858 14.62442752589961, 121.0799453331423 14.6237185894108, 121.0798608958442 14.62301207445454, 121.0796360089128 14.62233533765054, 121.0792793812873 14.62171458233433, 121.0788048226246 14.62117384398911, 121.078230708452 14.620734059652, 121.0780627094559 14.62062966123474, 121.0774164204504 14.62030981331858, 121.0767186144786 14.62011837525594, 121.0759959044567 14.62006264792603, 121.0752758528884 14.62014475647997, 121.0745859208397 14.62036156932804, 121.07395242079 14.62070481757859, 121.0733995132655 14.6211614103731, 121.0729482854965 14.62171393409596, 121.0727513837389 14.62201043120942, 121.0724170060441 14.62264281624712, 121.0722162769317 14.62332671473278, 121.0721569698 14.6240356462673, 121.0722413823693 14.62474216094339, 121.0724662475115 14.62541890217802, 121.0728228595444 14.62603966597069, 121.0732974111354 14.6265804155732, 121.0738715277956 14.62702021227623))"
290486511,school,Concepcion Elementary School,shelter,yes,12577.1652727206,121.103793276999,14.6479086513912,12681.34,"POLYGON ((121.0997534958113 14.64917473134135, 121.1002243820911 14.65016953661047, 121.1005910963958 14.65077926667017, 121.1010726377762 14.65130789341958, 121.1016506076455 14.65173521827491, 121.1023029225165 14.65204491318901, 121.1030046578056 14.65222514461961, 121.1037290002663 14.65226902576119, 121.1044482726433 14.65217487974777, 121.1051349913742 14.65194630375939, 121.1053485942598 14.65185160267366, 121.1055945915794 14.65171263493544, 121.105866937185 14.65162195108614, 121.106050039658 14.65154075015507, 121.1066813524012 14.65118401422082, 121.107228773684 14.65071391787134, 121.1076711442857 14.65014863186033, 121.1079913659332 14.64951000625015, 121.1081770621518 14.64882272576199, 121.108221056531 14.64811335556987, 121.1081216499373 14.64740931443474, 121.1078826859851 14.64673781488004, 121.1074116722745 14.64574312015297, 121.1070449522468 14.64513354808105, 121.1065634640035 14.64460506050632, 121.105985597864 14.64417784190385, 121.1053334246874 14.64386820883118, 121.1046318529272 14.64368798683238, 121.103907677381 14.64364405886361, 121.1031885559521 14.6437381024739, 121.1025019534797 14.64396652576889, 121.1015873658361 14.64437182112595, 121.1009559043709 14.64472841679622, 121.1004083121754 14.64519841519294, 121.0999657587596 14.64576364686122, 121.0996453533841 14.64640226068521, 121.0994594835876 14.64708956854678, 121.0994153361781 14.6477989996709, 121.0995146192231 14.64850312777756, 121.0997534958113 14.64917473134135))"
320623904,school,Santo Niño Elementary School,shelter,yes,9628.08993382983,121.096394031174,14.6383221999281,10932.55,"POLYGON ((121.0956338089362 14.64238022506905, 121.0964405217999 14.6424399276074, 121.0971546661295 14.64242568294824, 121.0978527908587 14.64227854591835, 121.0985090530409 14.64200396304047, 121.0990991595442 14.64161209858544, 121.0996012664297 14.64111745828296, 121.0999967876151 14.64053835230357, 121.1002710828755 14.63989621740116, 121.1004139997137 14.63921482332078, 121.1005166844346 14.63826701983113, 121.1005173697656 14.63751501857526, 121.1003582331629 14.63677915247704, 121.1000461635784 14.63609126952576, 121.0995946685468 14.63548114070511, 121.0990232893723 14.63497517158677, 121.0983567552654 14.63459525961766, 121.0976239130605 14.63435784653768, 121.0969475227695 14.63421265006108, 121.0962244656346 14.63412863769704, 121.0954984749241 14.63418366207971, 121.094797480115 14.6343756062102, 121.0941484491442 14.634697085673, 121.0935763510684 14.63513573270449, 121.0931031955778 14.63567467194949, 121.0927471862973 14.6362931696122, 121.0925220204364 14.63696743104052, 121.0922890051885 14.63800072552225, 121.0922038829721 14.63868188617187, 121.0922525000785 14.63936643565855, 121.0924331057941 14.64002970583074, 121.0927391930088 14.64064779512362, 121.0931597325411 14.64119842989166, 121.0936795704555 14.64166176710749, 121.0942799740741 14.64202110949345, 121.0949393070155 14.64226350730515, 121.0956338089362 14.64238022506905))"
432783339,community_centre,Nangka Gym,shelter,yes,870.765168531892,121.1084132,14.6724765498686,9730.96,"POLYGON ((121.1046007579399 14.67260037033189, 121.1046296519949 14.67294907008778, 121.1047588710718 14.67364591134917, 121.1050251625259 14.67430485841861, 121.1054183086637 14.67490062422258, 121.1059232234198 14.67541034603713, 121.106520531168 14.67581446291222, 121.1071873102178 14.67609746641035, 121.1078979724711 14.67624849583563, 121.1086252454728 14.67626175509602, 121.1088189486879 14.67624675523109, 121.1095359287947 14.67612145747847, 121.1102139832162 14.67586230656819, 121.11082701633 14.67547927608927, 121.1113514352109 14.67498710726077, 121.1117670576999 14.67440474154514, 121.1120578891349 14.6737545915994, 121.1122127378476 14.67306167863628, 121.1122256457451 14.67235266940866, 121.1121967398005 14.67200396916597, 121.1120674974807 14.6713071288568, 121.111801186796 14.67064818715146, 121.1114080283912 14.67005243029461, 121.1109031102409 14.66954271964484, 121.1103058085477 14.66913861446033, 121.109639044157 14.66885562141903, 121.1089284030294 14.66870459965801, 121.1082011545125 14.66869134414794, 121.1080074577268 14.66870634428315, 121.1072905015486 14.66883164016625, 121.1066124670211 14.66909078503673, 121.1059994468195 14.66947380617019, 121.1054750319701 14.66996596373257, 121.1050594040714 14.670548317955, 121.1047685586502 14.67119845792238, 121.1046136895338 14.67189136394374, 121.1046007579399 14.67260037033189))"
446778586,school,Fortune Elementary School,shelter,yes,5368.9414823298,121.126373416991,14.6593410505706,11465.58,"POLYGON ((121.1239485087224 14.66244219961626, 121.1246270132178 14.66284780589038, 121.1252792320041 14.66315676075131, 121.1259807054866 14.6633363754067, 121.1267046642195 14.66337979527437, 121.1274234804925 14.663285363208, 121.1281097228068 14.6630566827699, 121.1287372028685 14.66270248071576, 121.1292819751143 14.66223627393956, 121.1297232506003 14.66167585359416, 121.1300087476387 14.66122874932328, 121.1303314825733 14.66059085175379, 121.1305197030674 14.65990378882302, 121.1305661267721 14.65919414784695, 121.1304689585932 14.65848938960777, 121.1302319599504 14.65781678568367, 121.1298643030151 14.65720236314005, 121.1293802155994 14.65666989741818, 121.1287984304662 14.65623999238655, 121.1281200349599 14.65583439865784, 121.1274678912792 14.6555254255256, 121.1267664950785 14.65534577155296, 121.1260426076563 14.65530229114103, 121.1253238482598 14.65539664308684, 121.1246376404468 14.65562522732615, 121.1240101659166 14.65597932229454, 121.1234653657005 14.6564454176661, 121.1230240267917 14.6570057297797, 121.1227384238353 14.65745282550783, 121.1224155362 14.65809075554479, 121.1222271869689 14.65877788457352, 121.1221806677198 14.65948761620615, 121.1222777804192 14.66019247894848, 121.1225147674681 14.6608651895076, 121.1228824569393 14.66147970885468, 121.1233666174155 14.66201225016531, 121.1239485087224 14.66244219961626))"
446778587,school,Saint Mary Elementary School,shelter,,3833.52077384282,121.113464093401,14.6687057076614,11721.39,"POLYGON ((121.1096086549838 14.67000958270432, 121.1097777493366 14.67040138455455, 121.1101048340774 14.67099655450744, 121.1105398831034 14.67152214799492, 121.1110677268939 14.67195983735487, 121.1116699597937 14.67229436003407, 121.1123255818134 14.67251405086434, 121.1130117309524 14.67261124889685, 121.1137044804998 14.67258256459811, 121.1143796734946 14.67242899808165, 121.1151440850449 14.67217989552898, 121.1158211724822 14.67188301684748, 121.1164240339339 14.6714609128388, 121.1169285568583 14.67093046648187, 121.1173145624 14.67031289409413, 121.1175666124684 14.66963289665768, 121.1176746271169 14.66891767177492, 121.1176342875405 14.66819582578879, 121.1174472085998 14.66749622959243, 121.117120874004 14.66684686390007, 121.1166683367824 14.66627370016584, 121.1163558354208 14.66595070368522, 121.1158438319533 14.66551068538019, 121.1152577078246 14.66516940237295, 121.1146172923983 14.66493840042761, 121.1139442514716 14.66482549436019, 121.1132613543798 14.66483450370781, 121.1125917037982 14.66496512354691, 121.1119707134173 14.66514542182101, 121.1113292707474 14.66539708419073, 121.1107468913008 14.66576018263709, 121.1102437776655 14.66622212143449, 121.1098373830414 14.66676687610725, 121.1095418058042 14.6673755492562, 121.1093673003902 14.66802702604577, 121.1093199214762 14.66869870662307, 121.1094013138072 14.66936729007065, 121.1096086549838 14.67000958270432))"
